run_id,condition,rt,stimulus,button_pressed,window_width,window_height,trial_type,trial_index,time_elapsed,internal_node_id,subject,chinFirst,choiceTask_amountLeftFirst,webcam_label,webcam_Id,webcam_fps,webcam_aspectRatio,webcam_height,webcam_width,responses,key_press,success,recorded_at,ip,user_agent,device,browser,browser_version,platform,platform_version
7,1,10716.534999999994,"<div style=""position: fixed; display: inline-block; top: 20%; right: 20%; text-align: right;""><img src=""fu_logo.PNG"" alt=""[FU Berlin Logo]"" style=""width: 25%;""></div><div><br><br><p><strong>Welcome, dear participant! </strong></p><p>Thank you for your interest in and your support for our research.<br> This study is run by researchers at Freie Universit√§t Berlin. </p></div>",0,1536,722,html-button-response,0,10719,0.0-0.0,27,0,0,"HD User Facing (04f2:b64f)",23755d03b40c84a69486d46887b9e08057f9a365646dd46e177d47ea48c22381,30,0.001388888888888889,720,1280,"""","""","""","2021-01-13 18:48:08",,"Mozilla/5.0 (Windows NT 10.0; Win64; x64) AppleWebKit/537.36 (KHTML, like Gecko) Chrome/87.0.4280.141 Safari/537.36",WebKit,Chrome,87.0.4280.141,Windows,10.0
7,1,22200.214999999997,"""","""","""","""",survey-html-form,1,32921,0.0-1.0,27,0,0,"HD User Facing (04f2:b64f)",23755d03b40c84a69486d46887b9e08057f9a365646dd46e177d47ea48c22381,30,0.001388888888888889,720,1280,"{""prolificID"":""Ka61Kl61""}","""","""","2021-01-13 18:48:08",,"Mozilla/5.0 (Windows NT 10.0; Win64; x64) AppleWebKit/537.36 (KHTML, like Gecko) Chrome/87.0.4280.141 Safari/537.36",WebKit,Chrome,87.0.4280.141,Windows,10.0
7,1,57418.339999999975,"<p>Please, use only <strong>one monitor</strong> for this study.<br>If necessary, switch off the other monitors.</p>",0,"""","""",html-button-response,2,90341,0.0-2.0,27,0,0,"HD User Facing (04f2:b64f)",23755d03b40c84a69486d46887b9e08057f9a365646dd46e177d47ea48c22381,30,0.001388888888888889,720,1280,"""","""","""","2021-01-13 18:48:08",,"Mozilla/5.0 (Windows NT 10.0; Win64; x64) AppleWebKit/537.36 (KHTML, like Gecko) Chrome/87.0.4280.141 Safari/537.36",WebKit,Chrome,87.0.4280.141,Windows,10.0
7,1,18622.164999999994,"<p><strong>Please turn your mobile phone into Airplane Mode and close all CPU- or data-intensive programs and websites!</strong><br> (e.g. running Youtube Videos or Torrents)</p>",0,"""","""",html-button-response,3,108965,0.0-3.0,27,0,0,"HD User Facing (04f2:b64f)",23755d03b40c84a69486d46887b9e08057f9a365646dd46e177d47ea48c22381,30,0.001388888888888889,720,1280,"""","""","""","2021-01-13 18:48:08",,"Mozilla/5.0 (Windows NT 10.0; Win64; x64) AppleWebKit/537.36 (KHTML, like Gecko) Chrome/87.0.4280.141 Safari/537.36",WebKit,Chrome,87.0.4280.141,Windows,10.0
7,1,null,"""","""","""","""",html-keyboard-response,4,109084,0.0-4.0,27,0,0,"HD User Facing (04f2:b64f)",23755d03b40c84a69486d46887b9e08057f9a365646dd46e177d47ea48c22381,30,0.001388888888888889,720,1280,"""",null,"""","2021-01-13 18:48:08",,"Mozilla/5.0 (Windows NT 10.0; Win64; x64) AppleWebKit/537.36 (KHTML, like Gecko) Chrome/87.0.4280.141 Safari/537.36",WebKit,Chrome,87.0.4280.141,Windows,10.0
7,1,null,"""","""","""","""",html-keyboard-response,5,109189,0.0-5.0,27,0,0,"HD User Facing (04f2:b64f)",23755d03b40c84a69486d46887b9e08057f9a365646dd46e177d47ea48c22381,30,0.001388888888888889,720,1280,"""",null,"""","2021-01-13 18:48:08",,"Mozilla/5.0 (Windows NT 10.0; Win64; x64) AppleWebKit/537.36 (KHTML, like Gecko) Chrome/87.0.4280.141 Safari/537.36",WebKit,Chrome,87.0.4280.141,Windows,10.0
7,1,61413.61,"<div style=""width: 45%; text-align: left; margin: auto;""><p><strong>For a preliminary adjustment, please consider the following instructions: </strong></p><ol><li>Sit at a table and make sure that you could later rest your elbows on it. </li><li>Sit towards a window or lamp so that there are no shadows on your face. You might additionally turn on a desk lamp for that. </li></ol></div><img src=""lightInstruct.PNG"" alt=""[Eye-Tracking-Instructions]"" style=""width: 70%;"">",0,"""","""",html-button-response,6,170605,0.0-6.0,27,0,0,"HD User Facing (04f2:b64f)",23755d03b40c84a69486d46887b9e08057f9a365646dd46e177d47ea48c22381,30,0.001388888888888889,720,1280,"""","""","""","2021-01-13 18:48:08",,"Mozilla/5.0 (Windows NT 10.0; Win64; x64) AppleWebKit/537.36 (KHTML, like Gecko) Chrome/87.0.4280.141 Safari/537.36",WebKit,Chrome,87.0.4280.141,Windows,10.0
7,1,114509.54500000001,"<div style=""width: 45%; text-align: left; margin: auto;""><ol start='3'><li>Check the video and stay in the highlighted rectangle so that it becomes green. </li><li>Try as much as possible to follow the instructions on these pictures and avoid moving your head. If you move too much, the calibration can fail and you might not be able to finish the study. </li><li><strong>If necessary, adjust your laptop, monitor, webcam, or chair. </strong></li></ol></div><img src=""ETInstructions.PNG"" alt=""[Eye-Tracking-Instructions]"" style=""width: 70%;"">",0,"""","""",html-button-response,7,285114,0.0-7.0,27,0,0,"HD User Facing (04f2:b64f)",23755d03b40c84a69486d46887b9e08057f9a365646dd46e177d47ea48c22381,30,0.001388888888888889,720,1280,"""","""","""","2021-01-13 18:48:08",,"Mozilla/5.0 (Windows NT 10.0; Win64; x64) AppleWebKit/537.36 (KHTML, like Gecko) Chrome/87.0.4280.141 Safari/537.36",WebKit,Chrome,87.0.4280.141,Windows,10.0
7,1,"""","""","""",1536,722,fullscreen,8,299122,0.0-8.0,27,0,0,"HD User Facing (04f2:b64f)",23755d03b40c84a69486d46887b9e08057f9a365646dd46e177d47ea48c22381,30,0.001388888888888889,720,1280,"""","""",true,"2021-01-13 18:48:08",,"Mozilla/5.0 (Windows NT 10.0; Win64; x64) AppleWebKit/537.36 (KHTML, like Gecko) Chrome/87.0.4280.141 Safari/537.36",WebKit,Chrome,87.0.4280.141,Windows,10.0
7,1,35366.69999999995,"<div style=""width: 45%; margin: auto; text-align: justify;""><p>For the next task, please do <strong>not</strong> rest your head on your arm but keep your head in a natural position. Get sure that you stay in the rectangle in the video stream while doing that. </p><p>However, in order to make this measurement as accurate as possible, please keep your head at the same position at all time so that you <strong>only move your eyes</strong> when you look at the screen. </p></div><p style=""text-align: center;"">Press Space to continue </p>","""","""","""",html-keyboard-response,9,334498,0.0-9.0,27,0,0,"HD User Facing (04f2:b64f)",23755d03b40c84a69486d46887b9e08057f9a365646dd46e177d47ea48c22381,30,0.001388888888888889,720,1280,"""",32,"""","2021-01-13 18:48:08",,"Mozilla/5.0 (Windows NT 10.0; Win64; x64) AppleWebKit/537.36 (KHTML, like Gecko) Chrome/87.0.4280.141 Safari/537.36",WebKit,Chrome,87.0.4280.141,Windows,10.0
7,1,10864.494999999995,"<p><strong>Can you stay in that pose for a while?</strong></p><p>If not, then please adjust now in order to be comfortable.</p><br><p>Press Space to continue</p>","""","""","""",html-keyboard-response,10,345363,0.0-10.0,27,0,0,"HD User Facing (04f2:b64f)",23755d03b40c84a69486d46887b9e08057f9a365646dd46e177d47ea48c22381,30,0.001388888888888889,720,1280,"""",32,"""","2021-01-13 18:48:08",,"Mozilla/5.0 (Windows NT 10.0; Win64; x64) AppleWebKit/537.36 (KHTML, like Gecko) Chrome/87.0.4280.141 Safari/537.36",WebKit,Chrome,87.0.4280.141,Windows,10.0
7,1,42469.35499999998,"<div style=""position: fixed; top: 30%; left: 27.5%; width: 45%; margin: auto; text-align: justify;""><p>For calibration purposes, there will be buttons (39 in total) appearing one after another. <strong>Click 14x on each button</strong> until it turns green. Then the next button will appear. This will take around <strong>3 minutes. </strong></p><p>For an accurate measurement, please <strong><u>always</u></strong> follow the mouse cursor with your eyes. </p><br><p style=""text-align: center;"">Press Space to continue</p></div>","""","""","""",html-keyboard-response,11,387834,0.0-11.0,27,0,0,"HD User Facing (04f2:b64f)",23755d03b40c84a69486d46887b9e08057f9a365646dd46e177d47ea48c22381,30,0.001388888888888889,720,1280,"""",32,"""","2021-01-13 18:48:08",,"Mozilla/5.0 (Windows NT 10.0; Win64; x64) AppleWebKit/537.36 (KHTML, like Gecko) Chrome/87.0.4280.141 Safari/537.36",WebKit,Chrome,87.0.4280.141,Windows,10.0
7,1,null,"""","""","""","""",html-keyboard-response,12,387942,0.0-12.0-0.0,27,0,0,"HD User Facing (04f2:b64f)",23755d03b40c84a69486d46887b9e08057f9a365646dd46e177d47ea48c22381,30,0.001388888888888889,720,1280,"""",null,"""","2021-01-13 18:48:08",,"Mozilla/5.0 (Windows NT 10.0; Win64; x64) AppleWebKit/537.36 (KHTML, like Gecko) Chrome/87.0.4280.141 Safari/537.36",WebKit,Chrome,87.0.4280.141,Windows,10.0
