run_id,condition,rt,stimulus,button_pressed,window_width,window_height,trial_type,trial_index,time_elapsed,internal_node_id,subject,chinFirst,choiceTask_amountLeftFirst,webcam_label,webcam_fps,webcam_aspectRatio,webcam_height,webcam_width,responses,key_press,success,recorded_at,ip,user_agent,device,browser,browser_version,platform,platform_version
20,1,1908.0899999971734,"<div style=""position: fixed; display: inline-block; top: 20%; right: 20%; text-align: right;""><img src=""fu_logo.PNG"" alt=""[FU Berlin Logo]"" style=""width: 25%;""></div><div><br><br><p><strong>Welcome, dear participant! </strong></p><p>Thank you for your interest in and your support for our research.<br> This study is run by researchers at Freie Universit√§t Berlin. </p></div>",0,1280,626,html-button-response,0,1914,0.0-0.0,831,1,0,"Integrierte iSight-Kamera (05ac:8507)",30.000030517578125,0.0020833333333333333,480,640,"""","""","""","2021-01-14 11:37:36",,"Mozilla/5.0 (Macintosh; Intel Mac OS X 10_13_6) AppleWebKit/537.36 (KHTML, like Gecko) Chrome/87.0.4280.141 Safari/537.36",Macintosh,Chrome,87.0.4280.141,"OS X",10_13_6
20,1,15766.589999999269,"""","""","""","""",survey-html-form,1,17691,0.0-1.0,831,1,0,"Integrierte iSight-Kamera (05ac:8507)",30.000030517578125,0.0020833333333333333,480,640,"{""prolificID"":""2020Liv""}","""","""","2021-01-14 11:37:36",,"Mozilla/5.0 (Macintosh; Intel Mac OS X 10_13_6) AppleWebKit/537.36 (KHTML, like Gecko) Chrome/87.0.4280.141 Safari/537.36",Macintosh,Chrome,87.0.4280.141,"OS X",10_13_6
20,1,971.6699999989942,"<p>Please, use only <strong>one monitor</strong> for this study.<br>If necessary, switch off the other monitors.</p>",0,"""","""",html-button-response,2,18664,0.0-2.0,831,1,0,"Integrierte iSight-Kamera (05ac:8507)",30.000030517578125,0.0020833333333333333,480,640,"""","""","""","2021-01-14 11:37:36",,"Mozilla/5.0 (Macintosh; Intel Mac OS X 10_13_6) AppleWebKit/537.36 (KHTML, like Gecko) Chrome/87.0.4280.141 Safari/537.36",Macintosh,Chrome,87.0.4280.141,"OS X",10_13_6
20,1,694.6199999947567,"<p><strong>Please turn your mobile phone into Airplane Mode and close all CPU- or data-intensive programs and websites!</strong><br> (e.g. running Youtube Videos or Torrents)</p>",0,"""","""",html-button-response,3,19362,0.0-3.0,831,1,0,"Integrierte iSight-Kamera (05ac:8507)",30.000030517578125,0.0020833333333333333,480,640,"""","""","""","2021-01-14 11:37:36",,"Mozilla/5.0 (Macintosh; Intel Mac OS X 10_13_6) AppleWebKit/537.36 (KHTML, like Gecko) Chrome/87.0.4280.141 Safari/537.36",Macintosh,Chrome,87.0.4280.141,"OS X",10_13_6
20,1,null,"""","""","""","""",html-keyboard-response,4,19495,0.0-4.0,831,1,0,"Integrierte iSight-Kamera (05ac:8507)",30.000030517578125,0.0020833333333333333,480,640,"""",null,"""","2021-01-14 11:37:36",,"Mozilla/5.0 (Macintosh; Intel Mac OS X 10_13_6) AppleWebKit/537.36 (KHTML, like Gecko) Chrome/87.0.4280.141 Safari/537.36",Macintosh,Chrome,87.0.4280.141,"OS X",10_13_6
20,1,null,"""","""","""","""",html-keyboard-response,5,19602,0.0-5.0,831,1,0,"Integrierte iSight-Kamera (05ac:8507)",30.000030517578125,0.0020833333333333333,480,640,"""",null,"""","2021-01-14 11:37:36",,"Mozilla/5.0 (Macintosh; Intel Mac OS X 10_13_6) AppleWebKit/537.36 (KHTML, like Gecko) Chrome/87.0.4280.141 Safari/537.36",Macintosh,Chrome,87.0.4280.141,"OS X",10_13_6
20,1,10129.649999995308,"<div style=""width: 45%; text-align: left; margin: auto;""><p><strong>For a preliminary adjustment, please consider the following instructions: </strong></p><ol><li>Sit at a table and make sure that you could later rest your elbows on it. </li><li>Sit towards a window or lamp so that there are no shadows on your face. You might additionally turn on a desk lamp for that. </li></ol></div><img src=""lightInstruct.PNG"" alt=""[Eye-Tracking-Instructions]"" style=""width: 70%;"">",0,"""","""",html-button-response,6,29732,0.0-6.0,831,1,0,"Integrierte iSight-Kamera (05ac:8507)",30.000030517578125,0.0020833333333333333,480,640,"""","""","""","2021-01-14 11:37:36",,"Mozilla/5.0 (Macintosh; Intel Mac OS X 10_13_6) AppleWebKit/537.36 (KHTML, like Gecko) Chrome/87.0.4280.141 Safari/537.36",Macintosh,Chrome,87.0.4280.141,"OS X",10_13_6
20,1,2285.4999999981374,"<div style=""width: 45%; text-align: left; margin: auto;""><ol start='3'><li>Check the video and stay in the highlighted rectangle so that it becomes green. </li><li>Try as much as possible to follow the instructions on these pictures and avoid moving your head. If you move too much, the calibration can fail and you might not be able to finish the study. </li><li><strong>If necessary, adjust your laptop, monitor, webcam, or chair. </strong></li></ol></div><img src=""ETInstructions.PNG"" alt=""[Eye-Tracking-Instructions]"" style=""width: 70%;"">",0,"""","""",html-button-response,7,32021,0.0-7.0,831,1,0,"Integrierte iSight-Kamera (05ac:8507)",30.000030517578125,0.0020833333333333333,480,640,"""","""","""","2021-01-14 11:37:36",,"Mozilla/5.0 (Macintosh; Intel Mac OS X 10_13_6) AppleWebKit/537.36 (KHTML, like Gecko) Chrome/87.0.4280.141 Safari/537.36",Macintosh,Chrome,87.0.4280.141,"OS X",10_13_6
20,1,"""","""","""",1280,626,fullscreen,8,35262,0.0-8.0,831,1,0,"Integrierte iSight-Kamera (05ac:8507)",30.000030517578125,0.0020833333333333333,480,640,"""","""",true,"2021-01-14 11:37:36",,"Mozilla/5.0 (Macintosh; Intel Mac OS X 10_13_6) AppleWebKit/537.36 (KHTML, like Gecko) Chrome/87.0.4280.141 Safari/537.36",Macintosh,Chrome,87.0.4280.141,"OS X",10_13_6
20,1,1965.185000000929,"<div style=""width: 45%; margin: auto; text-align: justify;""><p>In order to make this measurement as accurate as possible, please rest your head on <u>one</u> of your arms, with your elbow on the desk (see image) You face may be covered a little bit but please keep your eyes visible. Get sure that you stay in the rectangle in the video stream while doing that. </p><p>The idea is to keep your head at the same position at all time so that you <strong>only move your eyes</strong> when you look at the screen. </p></div><div style=""text-align: center;""><img src=""chinstruction.PNG"" alt=""Oh, this image cannot be displayed"" style=""width: 15%;""></div><p style=""text-align: center;"">Press Space to continue </p></div><br>","""","""","""",html-keyboard-response,9,37230,0.0-9.0,831,1,0,"Integrierte iSight-Kamera (05ac:8507)",30.000030517578125,0.0020833333333333333,480,640,"""",32,"""","2021-01-14 11:37:36",,"Mozilla/5.0 (Macintosh; Intel Mac OS X 10_13_6) AppleWebKit/537.36 (KHTML, like Gecko) Chrome/87.0.4280.141 Safari/537.36",Macintosh,Chrome,87.0.4280.141,"OS X",10_13_6
20,1,3198.835000002873,"<p><strong>Can you stay in that pose for a while?</strong></p><p>If not, then please adjust now in order to be comfortable.</p><br><p>Press Space to continue</p>","""","""","""",html-keyboard-response,10,40430,0.0-10.0,831,1,0,"Integrierte iSight-Kamera (05ac:8507)",30.000030517578125,0.0020833333333333333,480,640,"""",32,"""","2021-01-14 11:37:36",,"Mozilla/5.0 (Macintosh; Intel Mac OS X 10_13_6) AppleWebKit/537.36 (KHTML, like Gecko) Chrome/87.0.4280.141 Safari/537.36",Macintosh,Chrome,87.0.4280.141,"OS X",10_13_6
